xgadmpyq,x,g,a,d,m,p,y,q
kzgagqyc,k,z,g,a,g,q,y,c
otfatqvh,o,t,f,a,t,q,v,h
kekjvmlr,k,e,k,j,v,m,l,r
qxxvcuoh,q,x,x,v,c,u,o,h
bifbhgtb,b,i,f,b,h,g,t,b
uxpfnggn,u,x,p,f,n,g,g,n
qnakexes,q,n,a,k,e,x,e,s
byccuuwj,b,y,c,c,u,u,w,j
rvkwuxlf,r,v,k,w,u,x,l,f
epqyjyiq,e,p,q,y,j,y,i,q
posoinqg,p,o,s,o,i,n,q,g
hvunvxwg,h,v,u,n,v,x,w,g
frgcfzji,f,r,g,c,f,z,j,i
rkwukgyj,r,k,w,u,k,g,y,j
cpgrpgfm,c,p,g,r,p,g,f,m
xkjnjatw,x,k,j,n,j,a,t,w
swridxtz,s,w,r,i,d,x,t,z
jiiiazrf,j,i,i,i,a,z,r,f
dijnntzu,d,i,j,n,n,t,z,u
jmkyrodm,j,m,k,y,r,o,d,m
kuezboov,k,u,e,z,b,o,o,v
tgoaibdv,t,g,o,a,i,b,d,v
bpzkzgxi,b,p,z,k,z,g,x,i
eanilzds,e,a,n,i,l,z,d,s
gkgsjyrm,g,k,g,s,j,y,r,m
cqrevmee,c,q,r,e,v,m,e,e
ewsmlhmv,e,w,s,m,l,h,m,v
xdlqofvh,x,d,l,q,o,f,v,h
ywbqvrdt,y,w,b,q,v,r,d,t
ypkhibfp,y,p,k,h,i,b,f,p
wtxkstoq,w,t,x,k,s,t,o,q
dqfwcdyf,d,q,f,w,c,d,y,f
cjifwqzo,c,j,i,f,w,q,z,o
ttexnmrk,t,t,e,x,n,m,r,k
meytfnvv,m,e,y,t,f,n,v,v
xqceryna,x,q,c,e,r,y,n,a
kswooshb,k,s,w,o,o,s,h,b
hpyconub,h,p,y,c,o,n,u,b
kmfkvuri,k,m,f,k,v,u,r,i
qstxefrp,q,s,t,x,e,f,r,p
mpdpvgsf,m,p,d,p,v,g,s,f
vvhbzmah,v,v,h,b,z,m,a,h
ahviisrm,a,h,v,i,i,s,r,m
bmgnbbil,b,m,g,n,b,b,i,l
mfmazhvw,m,f,m,a,z,h,v,w
jbijywws,j,b,i,j,y,w,w,s
ftegpitc,f,t,e,g,p,i,t,c
gkypspqm,g,k,y,p,s,p,q,m
nalihksk,n,a,l,i,h,k,s,k
yvsloxhn,y,v,s,l,o,x,h,n
xhtkaygb,x,h,t,k,a,y,g,b
skefhfxl,s,k,e,f,h,f,x,l
kdcgbajy,k,d,c,g,b,a,j,y
nlunchnj,n,l,u,n,c,h,n,j
vnerqzru,v,n,e,r,q,z,r,u
aymsrmny,a,y,m,s,r,m,n,y
bhnomjil,b,h,n,o,m,j,i,l
uxezpkzd,u,x,e,z,p,k,z,d
mvrxbpzu,m,v,r,x,b,p,z,u
zobwxuxn,z,o,b,w,x,u,x,n
ocvalnph,o,c,v,a,l,n,p,h
akcgftxz,a,k,c,g,f,t,x,z
wgwdhwsb,w,g,w,d,h,w,s,b
rercbvyn,r,e,r,c,b,v,y,n
vnefwyex,v,n,e,f,w,y,e,x
uproahgr,u,p,r,o,a,h,g,r
gjgblwit,g,j,g,b,l,w,i,t
nqbwqbwl,n,q,b,w,q,b,w,l
obdbnmtq,o,b,d,b,n,m,t,q
emddyrct,e,m,d,d,y,r,c,t
djtlaszk,d,j,t,l,a,s,z,k
uljpvetj,u,l,j,p,v,e,t,j
slusptbd,s,l,u,s,p,t,b,d
hvqehwpf,h,v,q,e,h,w,p,f
rwnpldbi,r,w,n,p,l,d,b,i
bldwnwlb,b,l,d,w,n,w,l,b
hkchdjnd,h,k,c,h,d,j,n,d
eciccupf,e,c,i,c,c,u,p,f
rbvulilb,r,b,v,u,l,i,l,b
qxroiexb,q,x,r,o,i,e,x,b
ydmjbyvf,y,d,m,j,b,y,v,f
mnxcxawa,m,n,x,c,x,a,w,a
qcvossqu,q,c,v,o,s,s,q,u
hxpdpysw,h,x,p,d,p,y,s,w
pxsnbtun,p,x,s,n,b,t,u,n
whnqgttg,w,h,n,q,g,t,t,g
xjrwouxr,x,j,r,w,o,u,x,r
qhqcfffz,q,h,q,c,f,f,f,z
pjjphsns,p,j,j,p,h,s,n,s
mqbiptgh,m,q,b,i,p,t,g,h
mnhqyjwi,m,n,h,q,y,j,w,i
qonbkpyt,q,o,n,b,k,p,y,t
gmsheklm,g,m,s,h,e,k,l,m
efdvdlzo,e,f,d,v,d,l,z,o
cinqlnzd,c,i,n,q,l,n,z,d
bpzagbdn,b,p,z,a,g,b,d,n
vhxprhjk,v,h,x,p,r,h,j,k
dejmtaas,d,e,j,m,t,a,a,s
nwgrajri,n,w,g,r,a,j,r,i
bdpprghq,b,d,p,p,r,g,h,q
uztezext,u,z,t,e,z,e,x,t
aqrpgxbt,a,q,r,p,g,x,b,t
vyozivkl,v,y,o,z,i,v,k,l
bjsezpou,b,j,s,e,z,p,o,u
degbadvh,d,e,g,b,a,d,v,h
lwtayyyq,l,w,t,a,y,y,y,q
hiykerlh,h,i,y,k,e,r,l,h
dvuddydy,d,v,u,d,d,y,d,y
jkzxwcht,j,k,z,x,w,c,h,t
zkczbjtd,z,k,c,z,b,j,t,d
rhwxaikb,r,h,w,x,a,i,k,b
nnamyrqo,n,n,a,m,y,r,q,o
bqhfaspm,b,q,h,f,a,s,p,m
fymlazrv,f,y,m,l,a,z,r,v
lzaxyeou,l,z,a,x,y,e,o,u
tazxovad,t,a,z,x,o,v,a,d
xkkvlzqi,x,k,k,v,l,z,q,i
hnpafvwx,h,n,p,a,f,v,w,x
pichfzxd,p,i,c,h,f,z,x,d
prnrkgkz,p,r,n,r,k,g,k,z
qvcfsjmy,q,v,c,f,s,j,m,y
ladckjva,l,a,d,c,k,j,v,a
khuqzlwe,k,h,u,q,z,l,w,e
lcibbgpt,l,c,i,b,b,g,p,t
gxvkvcvu,g,x,v,k,v,c,v,u
gkpidpdd,g,k,p,i,d,p,d,d
bjyvxkse,b,j,y,v,x,k,s,e
rijmbclx,r,i,j,m,b,c,l,x
foymqppm,f,o,y,m,q,p,p,m
lakumtch,l,a,k,u,m,t,c,h
avuckrtf,a,v,u,c,k,r,t,f
zqwonavc,z,q,w,o,n,a,v,c
mrrptfqv,m,r,r,p,t,f,q,v
wobozvjf,w,o,b,o,z,v,j,f
xnfswxoi,x,n,f,s,w,x,o,i
gcydjmel,g,c,y,d,j,m,e,l
aomeibcy,a,o,m,e,i,b,c,y
ipzzfvsu,i,p,z,z,f,v,s,u
vyaymlys,v,y,a,y,m,l,y,s
fcijbflt,f,c,i,j,b,f,l,t
vypinowa,v,y,p,i,n,o,w,a
nudzxilj,n,u,d,z,x,i,l,j
xhuuteve,x,h,u,u,t,e,v,e
juehbebw,j,u,e,h,b,e,b,w
limdcogt,l,i,m,d,c,o,g,t
hcbmaazi,h,c,b,m,a,a,z,i
kapjfkyh,k,a,p,j,f,k,y,h
pkrgxtma,p,k,r,g,x,t,m,a
uqxwmkgd,u,q,x,w,m,k,g,d
cxophxvc,c,x,o,p,h,x,v,c
tjflydes,t,j,f,l,y,d,e,s
cmclhlqz,c,m,c,l,h,l,q,z
gqpeoocj,g,q,p,e,o,o,c,j
siqvhikz,s,i,q,v,h,i,k,z
dzaqzemn,d,z,a,q,z,e,m,n
vvghkuno,v,v,g,h,k,u,n,o
sxwedmqh,s,x,w,e,d,m,q,h
xaxrzoqm,x,a,x,r,z,o,q,m
xrlgwbhx,x,r,l,g,w,b,h,x
mcxgtmsp,m,c,x,g,t,m,s,p
swnugfqp,s,w,n,u,g,f,q,p
hflyfbjs,h,f,l,y,f,b,j,s
jyrluszh,j,y,r,l,u,s,z,h
motfgcri,m,o,t,f,g,c,r,i
irxilajp,i,r,x,i,l,a,j,p
axnmifbt,a,x,n,m,i,f,b,t
rwjzveit,r,w,j,z,v,e,i,t
crnyvjdy,c,r,n,y,v,j,d,y
zsdzhbfw,z,s,d,z,h,b,f,w
nconskto,n,c,o,n,s,k,t,o
ihmtqkvv,i,h,m,t,q,k,v,v
fszrpodn,f,s,z,r,p,o,d,n
ksskjmbn,k,s,s,k,j,m,b,n
hosdovpq,h,o,s,d,o,v,p,q
tdvjgzyz,t,d,v,j,g,z,y,z
mawhctyp,m,a,w,h,c,t,y,p
sxfhdmnw,s,x,f,h,d,m,n,w
gwtgggdq,g,w,t,g,g,g,d,q
kyyknchs,k,y,y,k,n,c,h,s
oeesyjil,o,e,e,s,y,j,i,l
ozwboezd,o,z,w,b,o,e,z,d
ebvfbjlo,e,b,v,f,b,j,l,o
disynwdr,d,i,s,y,n,w,d,r
ydrlwcgp,y,d,r,l,w,c,g,p
rgdbqecz,r,g,d,b,q,e,c,z
ydxdecgr,y,d,x,d,e,c,g,r
zvffoney,z,v,f,f,o,n,e,y
eooumanw,e,o,o,u,m,a,n,w
kauxxbmx,k,a,u,x,x,b,m,x
twlginux,t,w,l,g,i,n,u,x
eoeqqpdj,e,o,e,q,q,p,d,j
xdkguahi,x,d,k,g,u,a,h,i
brudoqak,b,r,u,d,o,q,a,k
mmiipppm,m,m,i,i,p,p,p,m
bjvkmhhe,b,j,v,k,m,h,h,e
yyydmxrv,y,y,y,d,m,x,r,v
puptgubn,p,u,p,t,g,u,b,n
zajsejzp,z,a,j,s,e,j,z,p
ncrlwhuw,n,c,r,l,w,h,u,w
dzlvdqwb,d,z,l,v,d,q,w,b
krlawmml,k,r,l,a,w,m,m,l
fvmftwxr,f,v,m,f,t,w,x,r
ibexxmjf,i,b,e,x,x,m,j,f
woswbfrx,w,o,s,w,b,f,r,x
rplxvrxi,r,p,l,x,v,r,x,i
phcxhtla,p,h,c,x,h,t,l,a
qvlcaofy,q,v,l,c,a,o,f,y
qfzqauir,q,f,z,q,a,u,i,r
ihigcfsb,i,h,i,g,c,f,s,b
ygymvszg,y,g,y,m,v,s,z,g
ohhvsvzb,o,h,h,v,s,v,z,b
ijotjlfk,i,j,o,t,j,l,f,k
lfbgpowb,l,f,b,g,p,o,w,b
tzqgucgs,t,z,q,g,u,c,g,s
yggrlixh,y,g,g,r,l,i,x,h
psmhqyhw,p,s,m,h,q,y,h,w
oqnksfgo,o,q,n,k,s,f,g,o
yyqucpip,y,y,q,u,c,p,i,p
orhctkuc,o,r,h,c,t,k,u,c
qerkbwba,q,e,r,k,b,w,b,a
uxtwsybd,u,x,t,w,s,y,b,d
trkthahj,t,r,k,t,h,a,h,j
ulvpezvb,u,l,v,p,e,z,v,b
rivecoma,r,i,v,e,c,o,m,a
xtusbhqq,x,t,u,s,b,h,q,q
phutsoym,p,h,u,t,s,o,y,m
jfmeujty,j,f,m,e,u,j,t,y
hnoszupk,h,n,o,s,z,u,p,k
dbxsxkrt,d,b,x,s,x,k,r,t
irhredlt,i,r,h,r,e,d,l,t
unkpvpwy,u,n,k,p,v,p,w,y
obkfkhqy,o,b,k,f,k,h,q,y
aljgsgcp,a,l,j,g,s,g,c,p
pzavjlap,p,z,a,v,j,l,a,p
kqxmjxno,k,q,x,m,j,x,n,o
qzxyhtwv,q,z,x,y,h,t,w,v
scmvwnjo,s,c,m,v,w,n,j,o
sukisgrs,s,u,k,i,s,g,r,s
ziyaaydv,z,i,y,a,a,y,d,v
uwipsdhp,u,w,i,p,s,d,h,p
wqkbpoog,w,q,k,b,p,o,o,g
zvwsclpk,z,v,w,s,c,l,p,k
fcmnqjzz,f,c,m,n,q,j,z,z
ppdeziad,p,p,d,e,z,i,a,d
hahbxcty,h,a,h,b,x,c,t,y
yaptaqov,y,a,p,t,a,q,o,v
skbhtsgf,s,k,b,h,t,s,g,f
ugazdacf,u,g,a,z,d,a,c,f
oaisqifm,o,a,i,s,q,i,f,m
sbeulkel,s,b,e,u,l,k,e,l
dfxalhfb,d,f,x,a,l,h,f,b
iynthmbf,i,y,n,t,h,m,b,f
xyjaqkcp,x,y,j,a,q,k,c,p
wdgjtyea,w,d,g,j,t,y,e,a
mkzsirav,m,k,z,s,i,r,a,v
anctwwmv,a,n,c,t,w,w,m,v
pthgdxpz,p,t,h,g,d,x,p,z
umgantku,u,m,g,a,n,t,k,u
lfppyniv,l,f,p,p,y,n,i,v
cetxtlby,c,e,t,x,t,l,b,y
qtdvnuau,q,t,d,v,n,u,a,u
wnblzhun,w,n,b,l,z,h,u,n
wrbigukd,w,r,b,i,g,u,k,d
isnzfdcx,i,s,n,z,f,d,c,x
athilhwu,a,t,h,i,l,h,w,u
ynrkezlp,y,n,r,k,e,z,l,p
mzfifcfu,m,z,f,i,f,c,f,u
yrlwgkej,y,r,l,w,g,k,e,j
meniblei,m,e,n,i,b,l,e,i
alpwmbhu,a,l,p,w,m,b,h,u
eobgbbrg,e,o,b,g,b,b,r,g
ftoxsxgb,f,t,o,x,s,x,g,b
jjdljknr,j,j,d,l,j,k,n,r
thqdbqnz,t,h,q,d,b,q,n,z
gujotiye,g,u,j,o,t,i,y,e
nevxtunx,n,e,v,x,t,u,n,x
ldrcngok,l,d,r,c,n,g,o,k
nluhauvw,n,l,u,h,a,u,v,w
aixvkasz,a,i,x,v,k,a,s,z
qngaqwuj,q,n,g,a,q,w,u,j
jzdhdiwx,j,z,d,h,d,i,w,x
famjkjiz,f,a,m,j,k,j,i,z
jdunpuqw,j,d,u,n,p,u,q,w
eehhjqzb,e,e,h,h,j,q,z,b
grjakxbk,g,r,j,a,k,x,b,k
rgsxwsvn,r,g,s,x,w,s,v,n
afbtyqbw,a,f,b,t,y,q,b,w
wluohbkv,w,l,u,o,h,b,k,v
uucusxwg,u,u,c,u,s,x,w,g
qgjbozaf,q,g,j,b,o,z,a,f
znlqkqpp,z,n,l,q,k,q,p,p
wxkhynpc,w,x,k,h,y,n,p,c
ddpegdwd,d,d,p,e,g,d,w,d
ngccckfh,n,g,c,c,c,k,f,h
yeitinog,y,e,i,t,i,n,o,g
jvpnncdy,j,v,p,n,n,c,d,y
vwyjrpsw,v,w,y,j,r,p,s,w
lvtkadjc,l,v,t,k,a,d,j,c
glzughoz,g,l,z,u,g,h,o,z
gmtbybao,g,m,t,b,y,b,a,o
cvuqoqap,c,v,u,q,o,q,a,p
wbyxilvx,w,b,y,x,i,l,v,x
ytropedk,y,t,r,o,p,e,d,k
zsscudzt,z,s,s,c,u,d,z,t
fvayrjap,f,v,a,y,r,j,a,p
uztaclaq,u,z,t,a,c,l,a,q
nypzevjv,n,y,p,z,e,v,j,v
huywvvzu,h,u,y,w,v,v,z,u
dfznjnos,d,f,z,n,j,n,o,s
fcfsxkco,f,c,f,s,x,k,c,o
zlzbptzb,z,l,z,b,p,t,z,b
idhrigkx,i,d,h,r,i,g,k,x
pvyzmjxh,p,v,y,z,m,j,x,h
mfwjyfcc,m,f,w,j,y,f,c,c
bmlxsdqr,b,m,l,x,s,d,q,r
upxbxbdu,u,p,x,b,x,b,d,u
zwfgtnkq,z,w,f,g,t,n,k,q
okdjeeew,o,k,d,j,e,e,e,w
azogdfhi,a,z,o,g,d,f,h,i
fmdqovur,f,m,d,q,o,v,u,r
vubejany,v,u,b,e,j,a,n,y
aiunuuho,a,i,u,n,u,u,h,o
ypvvqaah,y,p,v,v,q,a,a,h
qkurlgbz,q,k,u,r,l,g,b,z
wcbaxexb,w,c,b,a,x,e,x,b
cqvdhjlf,c,q,v,d,h,j,l,f
pofuszzv,p,o,f,u,s,z,z,v
tavjnzwd,t,a,v,j,n,z,w,d
cymnymlw,c,y,m,n,y,m,l,w
bwxpvefw,b,w,x,p,v,e,f,w
kbitgyjk,k,b,i,t,g,y,j,k
iludwwmi,i,l,u,d,w,w,m,i
hgjtulco,h,g,j,t,u,l,c,o
eabboulu,e,a,b,b,o,u,l,u
fzbzasto,f,z,b,z,a,s,t,o
lortupmy,l,o,r,t,u,p,m,y
engnogsb,e,n,g,n,o,g,s,b
hnjmphyd,h,n,j,m,p,h,y,d
ixcbzvex,i,x,c,b,z,v,e,x
lzazteko,l,z,a,z,t,e,k,o
yvzekhuy,y,v,z,e,k,h,u,y
sawxeaoa,s,a,w,x,e,a,o,a
ssgvlskf,s,s,g,v,l,s,k,f
gjiltkxg,g,j,i,l,t,k,x,g
hiewcigz,h,i,e,w,c,i,g,z
fxskhmih,f,x,s,k,h,m,i,h
vjqqsdem,v,j,q,q,s,d,e,m
ekbebvar,e,k,b,e,b,v,a,r
xtlrpinp,x,t,l,r,p,i,n,p
sqsdnuuc,s,q,s,d,n,u,u,c
hpvdcxke,h,p,v,d,c,x,k,e
mztppmyk,m,z,t,p,p,m,y,k
iiinlgug,i,i,i,n,l,g,u,g
sgngwsag,s,g,n,g,w,s,a,g
ndhofrms,n,d,h,o,f,r,m,s
vpbulfkf,v,p,b,u,l,f,k,f
dkffehqz,d,k,f,f,e,h,q,z
thnadkiq,t,h,n,a,d,k,i,q
pmdvifre,p,m,d,v,i,f,r,e
gqnqrknx,g,q,n,q,r,k,n,x
uevytuir,u,e,v,y,t,u,i,r
ljqrzvtk,l,j,q,r,z,v,t,k
lyxxirrm,l,y,x,x,i,r,r,m
wwdxbtgc,w,w,d,x,b,t,g,c
cidcsmko,c,i,d,c,s,m,k,o
pdktxdqn,p,d,k,t,x,d,q,n
nkpgzbik,n,k,p,g,z,b,i,k
twxamhnh,t,w,x,a,m,h,n,h
cgwjldqu,c,g,w,j,l,d,q,u
gyqewojz,g,y,q,e,w,o,j,z
xfhvbqgy,x,f,h,v,b,q,g,y
uijffkse,u,i,j,f,f,k,s,e
qjboqxip,q,j,b,o,q,x,i,p
btybxwol,b,t,y,b,x,w,o,l
aarovdnb,a,a,r,o,v,d,n,b
jmzkmlyj,j,m,z,k,m,l,y,j
hxwircty,h,x,w,i,r,c,t,y
jnbtromt,j,n,b,t,r,o,m,t
zwvhcyjg,z,w,v,h,c,y,j,g
vfjhqwxh,v,f,j,h,q,w,x,h
ehalxwxg,e,h,a,l,x,w,x,g
gkwyeuph,g,k,w,y,e,u,p,h
zzzifrmq,z,z,z,i,f,r,m,q
kjbsfntw,k,j,b,s,f,n,t,w
lhrsgukn,l,h,r,s,g,u,k,n
hmozyfbq,h,m,o,z,y,f,b,q
wrydtrkr,w,r,y,d,t,r,k,r
cvqnwogv,c,v,q,n,w,o,g,v
smzhqsru,s,m,z,h,q,s,r,u
hhuorcbq,h,h,u,o,r,c,b,q
wggaglua,w,g,g,a,g,l,u,a
xpyqnyms,x,p,y,q,n,y,m,s
dxwrvwio,d,x,w,r,v,w,i,o
tgiilznx,t,g,i,i,l,z,n,x
gccfrooa,g,c,c,f,r,o,o,a
oeqmgahg,o,e,q,m,g,a,h,g
uclycrlr,u,c,l,y,c,r,l,r
wommohqj,w,o,m,m,o,h,q,j
ousymqbt,o,u,s,y,m,q,b,t
yxyivgsw,y,x,y,i,v,g,s,w
tkasmozv,t,k,a,s,m,o,z,v
zdgolnmu,z,d,g,o,l,n,m,u
atdjmflc,a,t,d,j,m,f,l,c
vbiygfdf,v,b,i,y,g,f,d,f
xznlwxca,x,z,n,l,w,x,c,a
nokqqqnt,n,o,k,q,q,q,n,t
igdazsik,i,g,d,a,z,s,i,k
hlglxbhw,h,l,g,l,x,b,h,w
caoqxzwh,c,a,o,q,x,z,w,h
cbiqxjoj,c,b,i,q,x,j,o,j
jaabadyv,j,a,a,b,a,d,y,v
dfqdkhpo,d,f,q,d,k,h,p,o
cwokcgfc,c,w,o,k,c,g,f,c
cjkcrikw,c,j,k,c,r,i,k,w
umfnzlxa,u,m,f,n,z,l,x,a
ftvxqkvl,f,t,v,x,q,k,v,l
sgzwgckq,s,g,z,w,g,c,k,q
npquqlcw,n,p,q,u,q,l,c,w
vogkkiox,v,o,g,k,k,i,o,x
jzmfmgmi,j,z,m,f,m,g,m,i
rfzzqfam,r,f,z,z,q,f,a,m
sgifdwdy,s,g,i,f,d,w,d,y
gpenxvnn,g,p,e,n,x,v,n,n
ngtbmamn,n,g,t,b,m,a,m,n
klvjixbo,k,l,v,j,i,x,b,o
nufsxpzo,n,u,f,s,x,p,z,o
cnsoosol,c,n,s,o,o,s,o,l
itxrflcg,i,t,x,r,f,l,c,g
saqnjjpr,s,a,q,n,j,j,p,r
bhbmftml,b,h,b,m,f,t,m,l
oyhherjs,o,y,h,h,e,r,j,s
jjsiprhr,j,j,s,i,p,r,h,r
igwlnrct,i,g,w,l,n,r,c,t
kvosjzuc,k,v,o,s,j,z,u,c
symsvnab,s,y,m,s,v,n,a,b
wfsyyeck,w,f,s,y,y,e,c,k
rtsgywne,r,t,s,g,y,w,n,e
tdigfspz,t,d,i,g,f,s,p,z
gfaogiwg,g,f,a,o,g,i,w,g
lhvedecl,l,h,v,e,d,e,c,l
zrskzmje,z,r,s,k,z,m,j,e
uklzldrw,u,k,l,z,l,d,r,w
juarmjnr,j,u,a,r,m,j,n,r
yenenbmw,y,e,n,e,n,b,m,w
esgtggid,e,s,g,t,g,g,i,d
rtttzxpe,r,t,t,t,z,x,p,e
qmknqcde,q,m,k,n,q,c,d,e
eoapiijl,e,o,a,p,i,i,j,l
dbfkuzhq,d,b,f,k,u,z,h,q
tlndotty,t,l,n,d,o,t,t,y
lfqrmauf,l,f,q,r,m,a,u,f
tbacrjgo,t,b,a,c,r,j,g,o
bljhlcot,b,l,j,h,l,c,o,t
qxondxnq,q,x,o,n,d,x,n,q
dpchurpu,d,p,c,h,u,r,p,u
wwarvepg,w,w,a,r,v,e,p,g
rbjakxbi,r,b,j,a,k,x,b,i
bpgdhffd,b,p,g,d,h,f,f,d
onmomxks,o,n,m,o,m,x,k,s
gdzpqsyp,g,d,z,p,q,s,y,p
xubpfneg,x,u,b,p,f,n,e,g
tmtldpxi,t,m,t,l,d,p,x,i
eijywlgr,e,i,j,y,w,l,g,r
mqxlubiq,m,q,x,l,u,b,i,q
vynpdiys,v,y,n,p,d,i,y,s
siexhnsv,s,i,e,x,h,n,s,v
eyyeobon,e,y,y,e,o,b,o,n
jfkddtur,j,f,k,d,d,t,u,r
mmxyudcw,m,m,x,y,u,d,c,w
cctfygsi,c,c,t,f,y,g,s,i
optwfvup,o,p,t,w,f,v,u,p
hoespdwt,h,o,e,s,p,d,w,t
adcehlbc,a,d,c,e,h,l,b,c
fskrkcsd,f,s,k,r,k,c,s,d
ipipyiae,i,p,i,p,y,i,a,e
qlzqwzmi,q,l,z,q,w,z,m,i
ecovvqgl,e,c,o,v,v,q,g,l
yjilfveb,y,j,i,l,f,v,e,b
eamwrpqr,e,a,m,w,r,p,q,r
gvusifhg,g,v,u,s,i,f,h,g
lkasapuy,l,k,a,s,a,p,u,y
eiflbbue,e,i,f,l,b,b,u,e
iifreoor,i,i,f,r,e,o,o,r
cncpnzse,c,n,c,p,n,z,s,e
vlitmdfu,v,l,i,t,m,d,f,u
oytvyrfu,o,y,t,v,y,r,f,u
plqqsuhc,p,l,q,q,s,u,h,c
clbniohs,c,l,b,n,i,o,h,s
dmetamfx,d,m,e,t,a,m,f,x
cbrqznfi,c,b,r,q,z,n,f,i
brherevu,b,r,h,e,r,e,v,u
dxlungfu,d,x,l,u,n,g,f,u
wxoawzwa,w,x,o,a,w,z,w,a
fezmkvkj,f,e,z,m,k,v,k,j
dswnzrkp,d,s,w,n,z,r,k,p
qcqfilra,q,c,q,f,i,l,r,a
tzabtwyk,t,z,a,b,t,w,y,k
vqyfbbiq,v,q,y,f,b,b,i,q
mekujnbs,m,e,k,u,j,n,b,s
iwfqgptl,i,w,f,q,g,p,t,l
dongfavd,d,o,n,g,f,a,v,d
wnkfjjsv,w,n,k,f,j,j,s,v
yelyvfvl,y,e,l,y,v,f,v,l
qevowinz,q,e,v,o,w,i,n,z
tmvuihpb,t,m,v,u,i,h,p,b
zaspgauj,z,a,s,p,g,a,u,j
lehjrkhq,l,e,h,j,r,k,h,q
zsvxrkrq,z,s,v,x,r,k,r,q
vmpyusal,v,m,p,y,u,s,a,l
qioofusv,q,i,o,o,f,u,s,v
ldqgxmrj,l,d,q,g,x,m,r,j
mdeupniy,m,d,e,u,p,n,i,y
zhxhdjmk,z,h,x,h,d,j,m,k
jnhvkhgg,j,n,h,v,k,h,g,g
ftymssbm,f,t,y,m,s,s,b,m
jbdbfwlx,j,b,d,b,f,w,l,x
xkwjvylm,x,k,w,j,v,y,l,m
rrkuwmzh,r,r,k,u,w,m,z,h
zdyduiee,z,d,y,d,u,i,e,e
fcyqxyvq,f,c,y,q,x,y,v,q
ggernyeo,g,g,e,r,n,y,e,o
ylejhgbr,y,l,e,j,h,g,b,r
itwvabcj,i,t,w,v,a,b,c,j
bhuvewlg,b,h,u,v,e,w,l,g
vphsdpxd,v,p,h,s,d,p,x,d
dswupfxd,d,s,w,u,p,f,x,d
yzsyynja,y,z,s,y,y,n,j,a
yeawvyic,y,e,a,w,v,y,i,c
empmastj,e,m,p,m,a,s,t,j
llrirhuj,l,l,r,i,r,h,u,j
xudlcepn,x,u,d,l,c,e,p,n
ozbmzqrn,o,z,b,m,z,q,r,n
kuplucrx,k,u,p,l,u,c,r,x
wbeewdwg,w,b,e,e,w,d,w,g
ydlrntql,y,d,l,r,n,t,q,l
xuqjnyei,x,u,q,j,n,y,e,i
qqgueile,q,q,g,u,e,i,l,e
pyobjxjc,p,y,o,b,j,x,j,c
vwfzjeje,v,w,f,z,j,e,j,e
leurpqtu,l,e,u,r,p,q,t,u
rcbnpppk,r,c,b,n,p,p,p,k
ufhwdqcj,u,f,h,w,d,q,c,j
nbkluaoj,n,b,k,l,u,a,o,j
eezhsvkj,e,e,z,h,s,v,k,j
rqmjqlyo,r,q,m,j,q,l,y,o
pwghmwht,p,w,g,h,m,w,h,t
jullvlxt,j,u,l,l,v,l,x,t
nctvmwca,n,c,t,v,m,w,c,a
iozeddaa,i,o,z,e,d,d,a,a
cucmkcys,c,u,c,m,k,c,y,s
sbgyplyk,s,b,g,y,p,l,y,k
zsgocegq,z,s,g,o,c,e,g,q
jccuylup,j,c,c,u,y,l,u,p
gacygofc,g,a,c,y,g,o,f,c
puhoefms,p,u,h,o,e,f,m,s
hrnkjffe,h,r,n,k,j,f,f,e
ofleyysf,o,f,l,e,y,y,s,f
aumluajy,a,u,m,l,u,a,j,y
arkizzad,a,r,k,i,z,z,a,d
jzpwjclk,j,z,p,w,j,c,l,k
ftttwxij,f,t,t,t,w,x,i,j
sthaczsn,s,t,h,a,c,z,s,n
sxwmhjsi,s,x,w,m,h,j,s,i
fscspufp,f,s,c,s,p,u,f,p
muqhetjj,m,u,q,h,e,t,j,j
weqrjdve,w,e,q,r,j,d,v,e
iwsvshjn,i,w,s,v,s,h,j,n
oprfabdx,o,p,r,f,a,b,d,x
uaegzhtq,u,a,e,g,z,h,t,q
tjiouvut,t,j,i,o,u,v,u,t
dmfktocl,d,m,f,k,t,o,c,l
nujncwma,n,u,j,n,c,w,m,a
sududcia,s,u,d,u,d,c,i,a
fsjchtnx,f,s,j,c,h,t,n,x
nwikgirm,n,w,i,k,g,i,r,m
abfiktxc,a,b,f,i,k,t,x,c
vbweqlqn,v,b,w,e,q,l,q,n
otlmyrfc,o,t,l,m,y,r,f,c
rdqkrzea,r,d,q,k,r,z,e,a
tbqmukvf,t,b,q,m,u,k,v,f
lgwyozox,l,g,w,y,o,z,o,x
qduuwdsm,q,d,u,u,w,d,s,m
tsaamdhe,t,s,a,a,m,d,h,e
cncprqkd,c,n,c,p,r,q,k,d
fbtqjadk,f,b,t,q,j,a,d,k
rljhtoks,r,l,j,h,t,o,k,s
beawuwgi,b,e,a,w,u,w,g,i
zrotuqdt,z,r,o,t,u,q,d,t
kbacsqvl,k,b,a,c,s,q,v,l
rrowqeos,r,r,o,w,q,e,o,s
usofenqf,u,s,o,f,e,n,q,f
pcnqsnde,p,c,n,q,s,n,d,e
bjpmhvxc,b,j,p,m,h,v,x,c
vjjvlezf,v,j,j,v,l,e,z,f
dzmvmoev,d,z,m,v,m,o,e,v
zqytloxz,z,q,y,t,l,o,x,z
lstfhstm,l,s,t,f,h,s,t,m
juozoiso,j,u,o,z,o,i,s,o
nwliylwc,n,w,l,i,y,l,w,c
ptscqmbi,p,t,s,c,q,m,b,i
kxcwfvum,k,x,c,w,f,v,u,m
kjwvnszy,k,j,w,v,n,s,z,y
xozgtpor,x,o,z,g,t,p,o,r
gpfcdzcl,g,p,f,c,d,z,c,l
mshmiwgd,m,s,h,m,i,w,g,d
ilqmcoys,i,l,q,m,c,o,y,s
baodbyuc,b,a,o,d,b,y,u,c
nfdkjslw,n,f,d,k,j,s,l,w
ayetumur,a,y,e,t,u,m,u,r
zrzjpxtx,z,r,z,j,p,x,t,x
xlnuiikr,x,l,n,u,i,i,k,r
ikuzxqea,i,k,u,z,x,q,e,a
phlwwptm,p,h,l,w,w,p,t,m
rutotajz,r,u,t,o,t,a,j,z
uscueqih,u,s,c,u,e,q,i,h
kjxcjpzn,k,j,x,c,j,p,z,n
vtxzkrfx,v,t,x,z,k,r,f,x
offfrqsf,o,f,f,f,r,q,s,f
rsojcrpz,r,s,o,j,c,r,p,z
mgwiarem,m,g,w,i,a,r,e,m
vgmtlsdk,v,g,m,t,l,s,d,k
krrcoqtz,k,r,r,c,o,q,t,z
ovmjajhm,o,v,m,j,a,j,h,m
wxdzupgg,w,x,d,z,u,p,g,g
aqffckpg,a,q,f,f,c,k,p,g
xozxtael,x,o,z,x,t,a,e,l
tsvjoyba,t,s,v,j,o,y,b,a
mgkxevxc,m,g,k,x,e,v,x,c
bnulkbdf,b,n,u,l,k,b,d,f
aoacrrvz,a,o,a,c,r,r,v,z
rqrdevma,r,q,r,d,e,v,m,a
nrhbxhjh,n,r,h,b,x,h,j,h
hfljxnag,h,f,l,j,x,n,a,g
zipwkvce,z,i,p,w,k,v,c,e
aqsdntes,a,q,s,d,n,t,e,s
ucpwocqc,u,c,p,w,o,c,q,c
komyctak,k,o,m,y,c,t,a,k
wsvpqryl,w,s,v,p,q,r,y,l
ezeykefm,e,z,e,y,k,e,f,m
ltiyergn,l,t,i,y,e,r,g,n
hxxzzifj,h,x,x,z,z,i,f,j
jfeziulo,j,f,e,z,i,u,l,o
iyhzsymn,i,y,h,z,s,y,m,n
kqjsttqv,k,q,j,s,t,t,q,v
nmobrgqb,n,m,o,b,r,g,q,b
fjhckmee,f,j,h,c,k,m,e,e
pipmrccp,p,i,p,m,r,c,c,p
ohpricwx,o,h,p,r,i,c,w,x
tylgtpaw,t,y,l,g,t,p,a,w